,SCIENCE,TECHNOLOGY,HEALTH,WORLD,ENTERTAINMENT,SPORTS,BUSINESS,NATION
SCIENCE,0.015556014096524013,0.002345345084379622,0.003836960036603097,0.002174574499198586,0.0020863738966691425,0.0015782693424143655,0.002148408022578599,0.0018286167858416033
TECHNOLOGY,0.002345345084379622,0.00900204388803353,0.0026505102328902804,0.0021145328671477144,0.002620079173873159,0.002212766527185122,0.002890981660761392,0.0018695764882369474
HEALTH,0.003836960036603097,0.0026505102328902804,0.024010543065007578,0.008717290333297227,0.002692467009836154,0.002547340453186441,0.005898600906100187,0.007830259088900601
WORLD,0.002174574499198586,0.0021145328671477144,0.008717290333297227,0.0074795128503629005,0.0023548666572800474,0.0021182449793399373,0.0036754422438147324,0.004904624704621441
ENTERTAINMENT,0.002086373896669142,0.0026200791738731585,0.002692467009836153,0.0023548666572800474,0.005382294554652936,0.0023832970338725367,0.002054142251836326,0.002196485753937184
SPORTS,0.0015782693424143655,0.0022127665271851225,0.002547340453186441,0.0021182449793399373,0.0023832970338725367,0.007724841288486237,0.002216906040519584,0.0021303870336442233
BUSINESS,0.002148408022578599,0.002890981660761392,0.005898600906100187,0.0036754422438147324,0.002054142251836326,0.002216906040519584,0.010968680274548774,0.003051881395546687
NATION,0.0018286167858416033,0.0018695764882369474,0.007830259088900601,0.004904624704621441,0.002196485753937184,0.0021303870336442233,0.003051881395546687,0.0054336044048979406
